,0
0,discord bot
1,bot
2,discord music bot
3,music bot
4,uzox bot
5,uzox discord bot
6,jockie music bot
7,discord music bot that plays youtube
8,music bot discord 2022
9,aiode discord bot
10,discord bot music
11,mee6 bot discord
12,mee6 bot
13,discord bot commands
14,youtube bot discord
15,discord carl bot
16,carl bot
17,carl bot discord
18,make a discord bot
19,discord roles bot
20,dyno discord bot
21,dyno bot
22,discord role bot
23,music bot for discord
24,python discord bot
25,youtube music bot discord
26,chatgpt discord bot
27,chat gpt discord bot
28,music bot discord 2023
29,midjourney bot
30,midjourney bot discord
31,nero bot discord
32,appy discord bot
33,mid journey bot discord
34,discord music bot that plays spotify
35,discord ai chat bot
36,discord ai bot
37,clyde discord bot
38,ai image generator discord bot
39,how to make a discord server
40,how to delete discord server
41,how to join discord server
42,how to add stickers to discord server on mobile
43,how to make discord server
44,how to discord on xbox
45,how to use xbox discord
46,how to use discord
47,how to get discord on xbox
48,how to use discord on xbox
49,connect xbox to discord
50,stream xbox to discord
51,how to connect discord to xbox
52,how to transfer discord call to xbox
53,how to join discord call on xbox
54,how to join a discord call on xbox
55,how to join xbox insider
56,how to setup discord on xbox
57,how to transfer discord to xbox
58,how to join discord on xbox
59,how to set up discord on xbox
60,transfer discord to xbox
61,discord wont connect to xbox
62,how to get discord on ps5
63,how to delete discord
64,how to delete discord account
65,how to delete a discord account
66,how to make a discord account
67,how to turn off emoticon to emoji discord
68,how to turn off emoticon to emoji discord mobile
69,add bots to discord
70,how to add bots to discord
71,discord how to add bots
72,bots to add to discord server
73,add bots to discord server
74,how to make discord bots
75,how to add bots to discord server
76,how do i add bots to my discord server
77,how to delete youtube channel
78,how to discord ps5
79,how to discord on ps5
80,ps5 how to use discord
81,how to use discord on ps5
82,how to get discord ps5
83,ps5 stream to discord
84,how to get on discord on ps5
85,connect discord to ps5
86,how to join discord ps5
87,how to join discord call on ps5
88,how do i use discord on ps5
89,how to join a discord call on ps5
90,how to get discord on ps4
91,how to transfer discord call to ps5
92,how to join discord from ps5
93,linking discord to ps5
94,how to.use discord on ps5
95,transfer discord to ps5
96,how to join discord on ps5
97,how to make discord bot
98,how to add bot to discord
99,how to make a discord bot
100,discord on xbox
101,minecraft discord
102,discord servers
103,discord template
104,soundboard discord
105,midjourney discord
106,discord
107,roblox discord
108,discord for xbox
109,is discord on xbox
110,use discord on xbox
111,discord xbox one
112,xbox and discord
113,discord and xbox
114,discord xbox game pass
115,xbox game pass
116,xbox series x
117,discord xbox series x
118,xbox download
119,discord download
120,xbox discord not working
121,discord not showing up on xbox
122,discord not loading on xbox
123,discord not transferring to xbox
124,xbox emulation hub discord
125,when is discord coming to ps5
126,xbox cloud gaming
127,join discord on xbox
128,what is discord
129,download discord
130,xbox discord
131,xbox
132,discord login
133,discord web
134,discord desktop
135,discord chat
136,discord apps
137,discord auth code
138,discord delete account
139,discord make account
140,discord new account
141,discord disabled account
142,google account
143,login discord
144,gmail account
145,make a discord account
146,discord phone number
147,free discord account
148,disable discord account
149,create a discord account
150,what is a discord account
151,discord support
152,discord account hacked
153,discord there was a problem updating your account
154,oldest discord account
155,2015 discord account
156,discord ps5
157,activision account
158,discord emojis
159,discord emote
160,discord tos
161,discord developer portal
162,mee6 discord
163,discord definition
164,discord kitten
165,what does discord mean
166,discord names
167,discord lyrics
168,discord synonym
169,discord status
170,discord release date
171,voice channel discord
172,discord channels
173,discord channel emojis
174,discord forum channel
175,discord forum
176,discord roles
177,discord private channel
178,discord channel ideas
179,discord forums
180,discord soundboard
181,discord forum channel not showing
182,discord only showing one channel
183,discord on ps5
184,use discord on ps5
185,get discord on ps5
186,discord chat ps5
187,ps5 discord stream
188,is discord on ps5
189,discord for ps5
190,discord in ps5
191,playstation discord
192,join discord on ps5
193,discord voice chat ps5
194,stream ps5 on discord
195,discord and ps5
196,discord ps4
197,can you screen share on ps5 discord
198,discord activate
199,ps5 discord beta sign up
200,https //discord.com/activate ps5
201,https //discord.com/activate
202,ps5 beta program
203,ps5 7.0 update
204,ps5 7.00 release date
205,discord/activate
206,ps5 beta discord
207,ps5 beta
208,discord boost
209,emoji
210,discord emoji server
211,emoji discord
212,emoji discord server
213,emoji for discord
214,discord emoji bot
215,bot emoji
216,emoji copy
217,emoji copy paste
218,discord emoji copy paste
219,discord gif emoji
220,emoji copy and paste
221,emoji maker
222,discord emoji maker
223,text emoji
224,discord auto emoji
225,custom emoji discord
226,custom emoji
227,heart emoji
228,emoji servers discord
229,bat emoji
230,turn off auto emoji discord mobile 2023
231,turn off auto emoji discord mobile 2022
232,turn off auto emoji discord mobile
233,discord pleading emoji
234,discord auto emoji off
235,turn off auto emoji discord
236,nerd emoji
237,eye emoji
238,skull emoji
239,discord emoji
240,chat emoji
241,minecraft discord server
242,minecraft server
243,discord bots
244,discord server bots
245,discord template server
246,what is a discord server
247,find discord server
248,discord server names
249,temu discord server
250,diablo 4 discord server
251,honkai star rail discord server
252,join discord server
253,midjourney discord server
254,discord server soundboard
255,midjourney
256,discord server has exclamation point
257,doors discord server
258,packgod discord server
259,blox fruits discord trading server
260,blox fruits discord server link
261,blox fruit discord server
262,blox fruits discord
263,blox fruit discord
264,project slayers discord server
265,blox fruits discord server
266,discord server subscription
267,overwatch discord server
268,discord kitten server
269,splatoon discord server
270,age restricted server discord
271,delete discord server
272,femboy discord server
273,anime
274,aesthetic
275,black
276,what is discord server
277,gif
278,wallpaper
279,anime girl
280,discord server link
281,roblox discord server
282,hello kitty
283,capcut
284,twitch.tv/activate
285,discord server
286,7zip
287,midjourney ai
288,curseforge
289,visual studio code
290,ps remote play
291,valorant download
292,riot games
293,battle net
294,appstore
295,google password manager
296,10 minute mail
297,password manager
298,geforce experience
299,epic games login
300,multiple discord accounts mobile
301,spotify download
302,roblox support
303,discord_backup_codes.txt
304,vrchat
305,patreon
306,blizzard
307,emojis
308,heart
309,discord server templates
310,resize gif
311,color picker
312,discord font generator
313,remove background from image
314,star symbol
315,font generator
316,pintrest
317,gif resizer
318,webp to gif
319,discord music bots
320,music bots
321,bots for discord
322,bots on discord
323,best discord bots
324,youtube bots
325,discord youtube bots
326,discord bots mee6
327,mee6
328,music bots for discord
329,best bots for discord
330,music bots for discord 2023
331,vimeo
332,best music bots for discord 2023
333,discord music bots 2023
334,aiode
335,discord ai bots
336,uzox
337,discordbots
338,discord music bots that support youtube
339,music bots for discord 2022
340,discord bots that play youtube
341,botghost
342,music bots discord 2022
343,jockie music
344,destiny 2 discord bots
345,soundcloud
346,ticket tool
347,meaning of discord
348,discord kitten meaning
349,idle
350,idle meaning discord
351,idle meaning
352,discord meaning in english
353,nsfw discord meaning
354,nsfw meaning
355,iwc meaning
356,iwc meaning text discord
357,obsolete
358,conflict synonym
359,irc meaning
360,define dissension
361,icl meaning
362,zesty meaning
363,bbc meaning
364,/pos meaning discord
365,belligerent
366,/pos meaning
367,rizz meaning
368,calamity
369,destitute
370,reverse image search
371,betterdiscord
372,/pos
373,mfw meaning
374,haughty eyes
375,discord mod meaning
376,stream
377,rog ally
378,asus rog ally
379,dead island 2
380,diablo 4
381,ayaneo 2
382,emudeck
383,announcement
384,zapier
385,mangago
386,bullet point copy and paste
387,linktree
388,bold text generator
389,playstation
390,g2a
391,nfl mock drafts
392,dyno
393,python
394,ai art generator
395,maki
396,pfp anime
397,matching pfp
398,pfp discord
399,girl pfp
400,aesthetic pfp
401,black pfp
402,cute pfp
403,gif pfp
404,boy pfp
405,tiktok pfp
406,funny pfp
407,anime girl pfp
408,cool pfp
409,what is pfp
410,cat pfp
411,manga pfp
412,pfp meaning
413,meme pfp
414,ice spice pfp
415,wednesday pfp
416,cn pfp
417,veshremy pfp
418,nyan cat pfp
419,hello kitty pfp y2k
420,cutecore pfp
421,round pfp
422,goofy ahh pfp
423,kenny pfp
424,kenny south park pfp
425,messi pfp
426,hello kitty matching pfp
427,goofy pfp
428,coquette pfp
429,hello kitty pfp
430,cinnamoroll pfp
431,south park pfp
432,miles morales pfp
433,splatoon pfp
434,y2k pfp
435,denji pfp
436,pfp
437,discord pfp
438,pfp meaning discord
439,xbox app
440,discord app xbox
441,discord app
442,xbox app for mac
443,what is discord app
444,discord app download
445,discord xbox app
446,discord mobile app
447,discord app reddit
448,discord app store
449,app store
450,discord app login
451,discord web app
452,discord desktop app
453,discord app on xbox
454,discord app mac
455,youtube app
456,midjourney app
457,chatgpt app
458,ea app
459,ea app download
460,gas app
461,discord app directory
462,common app
463,quest app lab
464,roll20 app
465,steam
466,steam deck
467,steam games
468,steam download
469,what is steam
470,steam card
471,steam cleaner
472,steam sale
473,steam charts
474,steam mop
475,steam engine
476,steam controller
477,steam account
478,best steam games
479,steam gift card
480,refund steam
481,steam down
482,steam room
483,steam vr
484,steam link
485,steam install
486,steam deck games
487,steam free games
488,steam store
489,steam summer sale 2023
490,diablo 4 steam deck
491,steam deck giveaway
492,steam sales 2023
493,steam spring sale 2023
494,steam replay 2022
495,steam winter sale 2022
496,steam antitrust lawsuit
497,dead island 2 steam
498,diablo 4 steam
499,hogwarts legacy steam
500,steam lawsuit
501,steam replay
502,multiversus steam charts
503,dwarf fortress steam
504,god of war ragnarok steam
505,emudeck steam deck
506,the last of us steam
507,best steam deck games
508,nitro discord free
509,free nitro
510,gift nitro discord
511,nitro gift
512,cancel discord nitro
513,what is nitro
514,how to get discord nitro
515,what is nitro discord
516,discord nitro code
517,how to cancel discord nitro
518,how to cancel nitro
519,discord nitro trial
520,discord nitro games
521,discord nitro for free
522,nitro boost discord
523,how to get discord nitro free
524,how to get free nitro
525,xbox discord nitro
